{"cameraMode":{"drawMode":0,"name":"Shaded","section":"Shading Mode"},"sceneLighting":false,"audioPlay":false,"sceneViewState":{"m_AlwaysRefresh":false,"showFog":true,"showSkybox":false,"showFlares":true,"showImageEffects":true,"showParticleSystems":true,"showVisualEffectGraphs":true,"m_FxEnabled":true},"in2DMode":false,"pivot":{"x":-0.13640213012695313,"y":-1.6078987121582032,"z":1.6405525207519532},"rotation":{"x":-0.22707661986351014,"y":-0.7571836113929749,"z":0.33575209975242617,"w":-0.5123847723007202},"size":22.985191345214845,"orthographic":false}