{"cameraMode":{"drawMode":0,"name":"Shaded","section":"Shading Mode"},"sceneLighting":false,"audioPlay":false,"sceneViewState":{"m_AlwaysRefresh":false,"showFog":true,"showSkybox":false,"showFlares":true,"showImageEffects":true,"showParticleSystems":true,"showVisualEffectGraphs":true,"m_FxEnabled":true},"in2DMode":false,"pivot":{"x":0.029984604567289354,"y":0.019886691123247148,"z":-0.10920288413763046},"rotation":{"x":0.2107917070388794,"y":-0.08913635462522507,"z":0.02011457085609436,"w":0.9735093712806702},"size":0.04501763731241226,"orthographic":false}