{"cameraMode":{"drawMode":0,"name":"Shaded","section":"Shading Mode"},"sceneLighting":false,"audioPlay":false,"sceneViewState":{"m_AlwaysRefresh":false,"showFog":true,"showSkybox":false,"showFlares":true,"showImageEffects":true,"showParticleSystems":true,"showVisualEffectGraphs":true,"m_FxEnabled":true},"in2DMode":false,"pivot":{"x":-0.34246155619621279,"y":0.03519260883331299,"z":-0.0032482147216796877},"rotation":{"x":-0.1359623521566391,"y":-0.7785804867744446,"z":0.18095584213733674,"w":-0.5854092836380005},"size":2.024378538131714,"orthographic":false}