{"cameraMode":{"drawMode":0,"name":"Shaded","section":"Shading Mode"},"sceneLighting":false,"audioPlay":false,"sceneViewState":{"m_AlwaysRefresh":false,"showFog":false,"showSkybox":false,"showFlares":false,"showImageEffects":false,"showParticleSystems":false,"showVisualEffectGraphs":true,"m_FxEnabled":true},"in2DMode":false,"pivot":{"x":-13.349323272705079,"y":2.2244129180908205,"z":1.5967397689819337},"rotation":{"x":0.058375757187604907,"y":-0.9104872941970825,"z":0.38548529148101809,"w":0.13788220286369325},"size":0.90739506483078,"orthographic":false}