{"cameraMode":{"drawMode":0,"name":"Shaded","section":"Shading Mode"},"sceneLighting":false,"audioPlay":false,"sceneViewState":{"m_AlwaysRefresh":false,"showFog":true,"showSkybox":false,"showFlares":true,"showImageEffects":true,"showParticleSystems":true,"showVisualEffectGraphs":true,"m_FxEnabled":true},"in2DMode":false,"pivot":{"x":-12.149999618530274,"y":0.07099997997283936,"z":-3.2200000286102297},"rotation":{"x":-0.29356735944747927,"y":-0.5388540625572205,"z":0.20766280591487885,"w":-0.7618724703788757},"size":2.598076343536377,"orthographic":false}