{"cameraMode":{"drawMode":0,"name":"Shaded","section":"Shading Mode"},"sceneLighting":false,"audioPlay":false,"sceneViewState":{"m_AlwaysRefresh":false,"showFog":true,"showSkybox":false,"showFlares":true,"showImageEffects":true,"showParticleSystems":true,"showVisualEffectGraphs":true,"m_FxEnabled":true},"in2DMode":false,"pivot":{"x":-1.1016823053359986,"y":-1.3059022426605225,"z":2.2558741569519045},"rotation":{"x":0.1882777214050293,"y":-0.21040472388267518,"z":0.04079694300889969,"w":0.9587160348892212},"size":2.3039543628692629,"orthographic":false}