{"cameraMode":{"drawMode":0,"name":"Shaded","section":"Shading Mode"},"sceneLighting":false,"audioPlay":false,"sceneViewState":{"showFog":false,"showMaterialUpdate":false,"showSkybox":false,"showFlares":false,"showImageEffects":false,"showParticleSystems":false},"in2DMode":false,"pivot":{"x":-13.101356506347657,"y":3.522183656692505,"z":13.363175392150879},"rotation":{"x":-0.01275728177279234,"y":-0.9080742001533508,"z":0.41800636053085329,"w":-0.02818361669778824},"size":0.6073950529098511,"orthographic":false}