{"cameraMode":{"drawMode":0,"name":"Shaded","section":"Shading Mode"},"sceneLighting":true,"audioPlay":false,"sceneViewState":{"showFog":false,"showMaterialUpdate":false,"showSkybox":false,"showFlares":false,"showImageEffects":false,"showParticleSystems":false},"in2DMode":false,"pivot":{"x":-24.204320907592775,"y":-18.227571487426759,"z":-36.374088287353519},"rotation":{"x":0.030904315412044526,"y":-0.9521307349205017,"z":0.2876049876213074,"w":0.10073874145746231},"size":31.11813735961914,"orthographic":false}