{"cameraMode":{"drawMode":0,"name":"Shaded","section":"Shading Mode"},"sceneLighting":false,"audioPlay":false,"sceneViewState":{"showFog":false,"showMaterialUpdate":false,"showSkybox":false,"showFlares":false,"showImageEffects":false,"showParticleSystems":false},"in2DMode":false,"pivot":{"x":-13.32526683807373,"y":0.4174807071685791,"z":-1.8539931774139405},"rotation":{"x":-0.031441692262887958,"y":0.9359973073005676,"z":-0.34046369791030886,"w":-0.08544550091028214},"size":2.6569557189941408,"orthographic":false}