{"cameraMode":{"drawMode":0,"name":"Shaded","section":"Shading Mode"},"sceneLighting":false,"audioPlay":false,"sceneViewState":{"showFog":false,"showMaterialUpdate":false,"showSkybox":false,"showFlares":false,"showImageEffects":false,"showParticleSystems":false},"in2DMode":false,"pivot":{"x":241.4000244140625,"y":526.300048828125,"z":0.0},"rotation":{"x":-0.02399500086903572,"y":0.014995120465755463,"z":0.00035995207144878805,"w":0.9995997548103333},"size":169.14108276367188,"orthographic":true}