{"cameraMode":{"drawMode":0,"name":"Shaded","section":"Shading Mode"},"sceneLighting":true,"audioPlay":false,"sceneViewState":{"m_AlwaysRefresh":false,"showFog":true,"showSkybox":false,"showFlares":true,"showImageEffects":true,"showParticleSystems":true,"showVisualEffectGraphs":true,"m_FxEnabled":true},"in2DMode":false,"pivot":{"x":105.35514068603516,"y":1.0902103185653687,"z":64.1341323852539},"rotation":{"x":-0.003114701947197318,"y":-0.9963220953941345,"z":0.07668222486972809,"w":-0.043059710413217548},"size":5.947400093078613,"orthographic":false}