{"cameraMode":{"drawMode":0,"name":"Shaded","section":"Shading Mode"},"sceneLighting":true,"audioPlay":false,"sceneViewState":{"m_AlwaysRefresh":false,"showFog":true,"showSkybox":false,"showFlares":true,"showImageEffects":true,"showParticleSystems":true,"showVisualEffectGraphs":true,"m_FxEnabled":true},"in2DMode":false,"pivot":{"x":99.85797119140625,"y":-0.000003814697265625,"z":91.91053009033203},"rotation":{"x":-0.18301734328269959,"y":0.8122562766075134,"z":-0.34312599897384646,"w":-0.4353601932525635},"size":36.37306594848633,"orthographic":false}