{"cameraMode":{"drawMode":0,"name":"Shaded","section":"Shading Mode"},"sceneLighting":false,"audioPlay":false,"sceneViewState":{"m_AlwaysRefresh":false,"showFog":true,"showSkybox":false,"showFlares":true,"showImageEffects":true,"showParticleSystems":true,"showVisualEffectGraphs":true,"m_FxEnabled":true},"in2DMode":false,"pivot":{"x":-0.005147218704223633,"y":0.9498814344406128,"z":0.013808012008666993},"rotation":{"x":-0.22410830855369569,"y":-0.5427643060684204,"z":0.15303653478622437,"w":-0.794905960559845},"size":1.5020761489868165,"orthographic":false}