{"cameraMode":{"drawMode":0,"name":"Shaded","section":"Shading Mode"},"sceneLighting":false,"audioPlay":false,"sceneViewState":{"showFog":false,"showMaterialUpdate":false,"showSkybox":false,"showFlares":false,"showImageEffects":false,"showParticleSystems":false},"in2DMode":false,"pivot":{"x":536.9025268554688,"y":294.4290771484375,"z":11.08181381225586},"rotation":{"x":0.49650827050209048,"y":0.049426037818193439,"z":-0.028329940512776376,"w":0.86616450548172},"size":40.46059036254883,"orthographic":false}