{"cameraMode":{"drawMode":0,"name":"Shaded","section":"Shading Mode"},"sceneLighting":false,"audioPlay":false,"sceneViewState":{"showFog":false,"showMaterialUpdate":false,"showSkybox":false,"showFlares":false,"showImageEffects":false,"showParticleSystems":false},"in2DMode":false,"pivot":{"x":-0.05877041816711426,"y":0.8564440608024597,"z":0.2355867624282837},"rotation":{"x":0.02982168272137642,"y":-0.9647736549377441,"z":0.2293563336133957,"w":0.12544099986553193},"size":10.737153053283692,"orthographic":false}