{"cameraMode":{"drawMode":0,"name":"Shaded","section":"Shading Mode"},"sceneLighting":false,"audioPlay":false,"sceneViewState":{"showFog":false,"showMaterialUpdate":false,"showSkybox":false,"showFlares":false,"showImageEffects":true,"showParticleSystems":true},"in2DMode":false,"pivot":{"x":0.9613556861877441,"y":4.062280654907227,"z":1.013572335243225},"rotation":{"x":0.00873563438653946,"y":0.9813452363014221,"z":-0.18650445342063905,"w":0.045959360897541049},"size":4.065221309661865,"orthographic":false}