{"cameraMode":{"drawMode":0,"name":"Shaded","section":"Shading Mode"},"sceneLighting":false,"audioPlay":false,"sceneViewState":{"showFog":false,"showMaterialUpdate":false,"showSkybox":false,"showFlares":false,"showImageEffects":true,"showParticleSystems":true},"in2DMode":false,"pivot":{"x":-65.1353759765625,"y":11.28188705444336,"z":91.45736694335938},"rotation":{"x":-0.09331190586090088,"y":-0.9065725207328796,"z":0.3017237186431885,"w":-0.2801198363304138},"size":52.239234924316409,"orthographic":false}